page,metric_name,2023,2022,2021,raw_label,raw_values
3,principal accountant fees and services,53.0,54.0,57.0,Principal Accountant Fees and Services,"[53.0, 54.0, 57.0]"
24,total net sales,383285.0,394328.0,365817.0,Total net sales,"[383285.0, 394328.0, 365817.0]"
25,iphone (1),200583.0,205489.0,191973.0,iPhone (1),"[200583.0, 205489.0, 191973.0]"
25,mac (1),29357.0,40177.0,35190.0,Mac (1),"[29357.0, 40177.0, 35190.0]"
25,ipad (1),28300.0,29292.0,31862.0,iPad (1),"[28300.0, 29292.0, 31862.0]"
25,"wearables, home and accessories (1)",39845.0,41241.0,38367.0,"Wearables, Home and Accessories (1)","[39845.0, 41241.0, 38367.0]"
25,services (2),85200.0,78129.0,68425.0,Services (2),"[85200.0, 78129.0, 68425.0]"
25,total net sales,383285.0,394328.0,365817.0,Total net sales,"[383285.0, 394328.0, 365817.0]"
26,gross margin:,108803.0,114728.0,105126.0,Gross margin:,"[108803.0, 114728.0, 105126.0]"
26,products,108803.0,114728.0,105126.0,Products,"[108803.0, 114728.0, 105126.0]"
26,services,60345.0,56054.0,47710.0,Services,"[60345.0, 56054.0, 47710.0]"
26,total gross margin,169148.0,170782.0,152836.0,Total gross margin,"[169148.0, 170782.0, 152836.0]"
26,research and development,29915.0,26251.0,21914.0,Research and development,"[29915.0, 26251.0, 21914.0]"
26,percentage of total net sales,24932.0,25094.0,21973.0,Percentage of total net sales,"[24932.0, 25094.0, 21973.0]"
26,"selling, general and administrative",24932.0,25094.0,21973.0,"Selling, general and administrative","[24932.0, 25094.0, 21973.0]"
26,percentage of total net sales,54847.0,51345.0,43887.0,Percentage of total net sales,"[54847.0, 51345.0, 43887.0]"
26,total operating expenses,54847.0,51345.0,43887.0,Total operating expenses,"[54847.0, 51345.0, 43887.0]"
27,provision for income taxes,16741.0,19300.0,14527.0,Provision for income taxes,"[16741.0, 19300.0, 14527.0]"
31,products,298085.0,316199.0,297392.0,Products,"[298085.0, 316199.0, 297392.0]"
31,services,85200.0,78129.0,68425.0,Services,"[85200.0, 78129.0, 68425.0]"
31,total net sales,383285.0,394328.0,365817.0,Total net sales,"[383285.0, 394328.0, 365817.0]"
31,products,189282.0,201471.0,192266.0,Products,"[189282.0, 201471.0, 192266.0]"
31,services,24855.0,22075.0,20715.0,Services,"[24855.0, 22075.0, 20715.0]"
31,total cost of sales,214137.0,223546.0,212981.0,Total cost of sales,"[214137.0, 223546.0, 212981.0]"
31,gross margin,169148.0,170782.0,152836.0,Gross margin,"[169148.0, 170782.0, 152836.0]"
31,research and development,29915.0,26251.0,21914.0,Research and development,"[29915.0, 26251.0, 21914.0]"
31,"selling, general and administrative",24932.0,25094.0,21973.0,"Selling, general and administrative","[24932.0, 25094.0, 21973.0]"
31,total operating expenses,54847.0,51345.0,43887.0,Total operating expenses,"[54847.0, 51345.0, 43887.0]"
31,operating income,114301.0,119437.0,108949.0,Operating income,"[114301.0, 119437.0, 108949.0]"
31,income before provision for income taxes,113736.0,119103.0,109207.0,Income before provision for income taxes,"[113736.0, 119103.0, 109207.0]"
31,provision for income taxes,16741.0,19300.0,14527.0,Provision for income taxes,"[16741.0, 19300.0, 14527.0]"
31,net income,96995.0,99803.0,94680.0,Net income,"[96995.0, 99803.0, 94680.0]"
32,net income,96995.0,99803.0,94680.0,Net income,"[96995.0, 99803.0, 94680.0]"
33,cash and cash equivalents,29965.0,23646.0,31590.0,Cash and cash equivalents,"[29965.0, 23646.0, 31590.0]"
33,total assets,352583.0,352755.0,62611.0,Total assets,"[352583.0, 352755.0, 62611.0]"
33,total liabilities,290437.0,302083.0,73812.0,Total liabilities,"[290437.0, 302083.0, 73812.0]"
34,net income,96995.0,99803.0,94680.0,Net income,"[96995.0, 99803.0, 94680.0]"
35,net income,96995.0,99803.0,94680.0,Net income,"[96995.0, 99803.0, 94680.0]"
35,adjustments to reconcile net income to cash generated by operating activities:,11519.0,11104.0,11284.0,Adjustments to reconcile net income to cash generated by operating activities:,"[11519.0, 11104.0, 11284.0]"
38,iphone (1),200583.0,205489.0,191973.0,iPhone (1),"[200583.0, 205489.0, 191973.0]"
38,mac (1),29357.0,40177.0,35190.0,Mac (1),"[29357.0, 40177.0, 35190.0]"
38,ipad (1),28300.0,29292.0,31862.0,iPad (1),"[28300.0, 29292.0, 31862.0]"
38,"wearables, home and accessories (1)",39845.0,41241.0,38367.0,"Wearables, Home and Accessories (1)","[39845.0, 41241.0, 38367.0]"
38,services (2),85200.0,78129.0,68425.0,Services (2),"[85200.0, 78129.0, 68425.0]"
38,total net sales,383285.0,394328.0,365817.0,Total net sales,"[383285.0, 394328.0, 365817.0]"
38,net income,96995.0,99803.0,94680.0,Net income,"[96995.0, 99803.0, 94680.0]"
38,basic earnings per share,6.16,6.15,5.67,Basic earnings per share,"[6.16, 6.15, 5.67]"
38,diluted earnings per share,6.13,6.11,5.61,Diluted earnings per share,"[6.13, 6.11, 5.61]"
42,"machinery, equipment and internal-use software",78314.0,81060.0,12839.0,"Machinery, equipment and internal-use software","[78314.0, 81060.0, 12839.0]"
43,provision for income taxes,16741.0,19300.0,14527.0,Provision for income taxes,"[16741.0, 19300.0, 14527.0]"
43,"research and development credit, net",-1212.0,-1153.0,-1033.0,"Research and development credit, net","[-1212.0, -1153.0, -1033.0]"
43,provision for income taxes,16741.0,19300.0,14527.0,Provision for income taxes,"[16741.0, 19300.0, 14527.0]"
44,capitalized research and development,6294.0,1267.0,4571.0,Capitalized research and development,"[6294.0, 1267.0, 4571.0]"
50,operating income,60508.0,62683.0,53382.0,Operating income,"[60508.0, 62683.0, 53382.0]"
50,operating income,36098.0,35233.0,32505.0,Operating income,"[36098.0, 35233.0, 32505.0]"
50,operating income,30328.0,31153.0,28504.0,Operating income,"[30328.0, 31153.0, 28504.0]"
50,operating income,11888.0,12257.0,12798.0,Operating income,"[11888.0, 12257.0, 12798.0]"
50,operating income,12066.0,11569.0,9817.0,Operating income,"[12066.0, 11569.0, 9817.0]"
50,segment operating income,150888.0,152895.0,137006.0,Segment operating income,"[150888.0, 152895.0, 137006.0]"
50,research and development expense,-29915.0,-26251.0,-21914.0,Research and development expense,"[-29915.0, -26251.0, -21914.0]"
50,total operating income,114301.0,119437.0,108949.0,Total operating income,"[114301.0, 119437.0, 108949.0]"
51,total net sales,383285.0,394328.0,365817.0,Total net sales,"[383285.0, 394328.0, 365817.0]"
